
INSERT INTO public."__EFMigrationsHistory" ("MigrationId", "ProductVersion") VALUES ('20240524104952_all', '7.0.11');







INSERT INTO public."Lessons" ("LessonId", "Name", "Translation", "UnitId") VALUES ('f976b6db-bb94-47e6-b096-df3a4f000109', 'Greetings', '问候', 'fa59aafa-35a8-4dc3-8d7b-207272d0bd75');
INSERT INTO public."Lessons" ("LessonId", "Name", "Translation", "UnitId") VALUES ('0788fc43-b1ea-459b-8479-17bc8863e912', 'Introductions', '介绍', 'fa59aafa-35a8-4dc3-8d7b-207272d0bd75');
INSERT INTO public."Lessons" ("LessonId", "Name", "Translation", "UnitId") VALUES ('12296ab1-897e-4267-b42f-faabc5c84c33', 'Expressions', '用语', 'fa59aafa-35a8-4dc3-8d7b-207272d0bd75');
INSERT INTO public."Lessons" ("LessonId", "Name", "Translation", "UnitId") VALUES ('9c71d5a7-f25a-4227-afc0-479f73f0bfee', 'Numbers', '数字', '9d738ece-6d7a-49f8-94ea-bca35013956a');
INSERT INTO public."Lessons" ("LessonId", "Name", "Translation", "UnitId") VALUES ('f268440f-fce0-432b-9a8d-6a6dd4d96255', 'Week days', '星期', '9d738ece-6d7a-49f8-94ea-bca35013956a');
INSERT INTO public."Lessons" ("LessonId", "Name", "Translation", "UnitId") VALUES ('6196a506-78e9-43d8-8db2-4f567baee9ae', 'Months', '月份', '9d738ece-6d7a-49f8-94ea-bca35013956a');
INSERT INTO public."Lessons" ("LessonId", "Name", "Translation", "UnitId") VALUES ('07df1bea-fb16-4eed-9cc8-4a06bd0c9b48', 'Pronouns', '代词', '9d738ece-6d7a-49f8-94ea-bca35013956a');
INSERT INTO public."Lessons" ("LessonId", "Name", "Translation", "UnitId") VALUES ('202ffad3-6641-4be9-8ac8-ee284250c786', 'Family', '家庭', '5a07f13e-34ee-4815-991c-b56284ed2ec7');
INSERT INTO public."Lessons" ("LessonId", "Name", "Translation", "UnitId") VALUES ('d38219d4-4143-4edc-ac41-0197e7225d75', 'Food and Drink', '食物和饮料', '5a07f13e-34ee-4815-991c-b56284ed2ec7');
INSERT INTO public."Lessons" ("LessonId", "Name", "Translation", "UnitId") VALUES ('6fb7a513-8e41-474a-85e4-b314253ab593', 'Animals', '动物', '5a07f13e-34ee-4815-991c-b56284ed2ec7');
INSERT INTO public."Lessons" ("LessonId", "Name", "Translation", "UnitId") VALUES ('d031b44f-f38a-4ff3-b37e-97481c0fac14', 'Weather', '天气', '01ca9c18-35c0-44d3-9e68-e606e2d2dfc0');
INSERT INTO public."Lessons" ("LessonId", "Name", "Translation", "UnitId") VALUES ('a89d60d3-20d2-464e-b321-868e33c45d12', 'Clothing', '服装', '01ca9c18-35c0-44d3-9e68-e606e2d2dfc0');
INSERT INTO public."Lessons" ("LessonId", "Name", "Translation", "UnitId") VALUES ('19958da2-2992-4917-b45c-2c4d5a2707c4', 'Daily Routine', '日常生活', '01ca9c18-35c0-44d3-9e68-e606e2d2dfc0');
INSERT INTO public."Lessons" ("LessonId", "Name", "Translation", "UnitId") VALUES ('bfb126d4-089a-43e5-829a-a8b5cfa9fb89', 'School', '学校', 'd6445570-a51f-4452-84b1-051822de7e53');
INSERT INTO public."Lessons" ("LessonId", "Name", "Translation", "UnitId") VALUES ('8025c38d-17b7-4d81-bc6e-d7da8bf97cbb', 'Hobbies', '爱好', 'd6445570-a51f-4452-84b1-051822de7e53');
INSERT INTO public."Lessons" ("LessonId", "Name", "Translation", "UnitId") VALUES ('ef0b5cf7-f3cc-4a19-9634-cfb53be23455', 'Travel', '旅行', '0ada6883-a88a-4043-8846-082530bf3457');
INSERT INTO public."Lessons" ("LessonId", "Name", "Translation", "UnitId") VALUES ('b030ca9a-f4a6-45a0-a01a-b2ddeb331175', 'Health', '健康', '0ada6883-a88a-4043-8846-082530bf3457');
INSERT INTO public."Lessons" ("LessonId", "Name", "Translation", "UnitId") VALUES ('4dbb55b9-4cf2-44f5-bee5-63562f075a77', 'Technology', '科技', '0ada6883-a88a-4043-8846-082530bf3457');
INSERT INTO public."Lessons" ("LessonId", "Name", "Translation", "UnitId") VALUES ('6284be84-8e3c-4c03-a8f9-494860f693fe', 'Shopping', '购物', '02aa612c-f122-4295-9691-3c93db68e521');
INSERT INTO public."Lessons" ("LessonId", "Name", "Translation", "UnitId") VALUES ('11355555-4e4e-40c6-aff9-45b3b167e12c', 'At the Restaurant', '在餐厅', '02aa612c-f122-4295-9691-3c93db68e521');
INSERT INTO public."Lessons" ("LessonId", "Name", "Translation", "UnitId") VALUES ('f80e61b8-72ea-4a02-92d7-aceb6126b899', 'Festivals', '节日', '69766b23-8f41-4fd9-8175-3bf5724063f9');
INSERT INTO public."Lessons" ("LessonId", "Name", "Translation", "UnitId") VALUES ('6b76be68-764d-4464-83c5-5539c9050058', 'Sports', '体育运动', '69766b23-8f41-4fd9-8175-3bf5724063f9');
INSERT INTO public."Lessons" ("LessonId", "Name", "Translation", "UnitId") VALUES ('bb2faa16-e6dc-44c2-9dde-17e090abfb49', 'Emotions', '情感', '69766b23-8f41-4fd9-8175-3bf5724063f9');
INSERT INTO public."Lessons" ("LessonId", "Name", "Translation", "UnitId") VALUES ('cd515d06-6690-40a4-890f-9f6606e7b9b8', 'Occupations', '职业', '8d348cd4-7ff1-44af-a0e4-2a9e8efb18b9');
INSERT INTO public."Lessons" ("LessonId", "Name", "Translation", "UnitId") VALUES ('e5218858-8bdd-438d-8424-2b83ee76926c', 'Nature', '自然', '8d348cd4-7ff1-44af-a0e4-2a9e8efb18b9');
INSERT INTO public."Lessons" ("LessonId", "Name", "Translation", "UnitId") VALUES ('a63f2307-e83b-40d8-a67a-f7060821b64c', 'Places in Town', '城市地点', 'e238fa51-4d4f-4662-9184-255599aebb64');
INSERT INTO public."Lessons" ("LessonId", "Name", "Translation", "UnitId") VALUES ('faa286d4-e2fc-4457-a22b-18f2258b6f28', 'Giving Directions', '指路', 'e238fa51-4d4f-4662-9184-255599aebb64');
INSERT INTO public."Lessons" ("LessonId", "Name", "Translation", "UnitId") VALUES ('ae13156f-d4bb-479f-9860-86342ed5f869', 'Transportation', '交通', 'e238fa51-4d4f-4662-9184-255599aebb64');

INSERT INTO public."SavedWords" ("SavedWordId", "UserId", "WordId") VALUES ('eb244296-6c68-42ec-890d-9a4b306cd5d6', 'ab614814-f8b2-444b-8281-0044dd123f91', '253dfaaa-3fde-4775-a0ee-ae02d9d193f4');
INSERT INTO public."SavedWords" ("SavedWordId", "UserId", "WordId") VALUES ('2bdcc16b-8e91-40ee-84b1-b4ca1e1c8faf', 'ab614814-f8b2-444b-8281-0044dd123f91', '14c00c88-93ae-4bf6-a5fb-3bd78e806e50');
INSERT INTO public."SavedWords" ("SavedWordId", "UserId", "WordId") VALUES ('a74cd78c-0417-494d-8e9d-c15e1bbcb65f', 'ab614814-f8b2-444b-8281-0044dd123f91', '4bf73547-1206-43d5-b4e9-9321e9649253');
INSERT INTO public."SavedWords" ("SavedWordId", "UserId", "WordId") VALUES ('cc51e25d-446a-41d3-9208-382403d05a84', 'ab614814-f8b2-444b-8281-0044dd123f91', '4e41b559-99a7-47a4-8bbd-fd9b002a9c7e');

INSERT INTO public."Units" ("UnitId", "Name") VALUES ('fa59aafa-35a8-4dc3-8d7b-207272d0bd75', 'Introduction');
INSERT INTO public."Units" ("UnitId", "Name") VALUES ('9d738ece-6d7a-49f8-94ea-bca35013956a', 'Numbers and Counting');
INSERT INTO public."Units" ("UnitId", "Name") VALUES ('5a07f13e-34ee-4815-991c-b56284ed2ec7', 'Basic Conversations');
INSERT INTO public."Units" ("UnitId", "Name") VALUES ('01ca9c18-35c0-44d3-9e68-e606e2d2dfc0', 'Family and Relationships');
INSERT INTO public."Units" ("UnitId", "Name") VALUES ('d6445570-a51f-4452-84b1-051822de7e53', 'Days, Months, and Time');
INSERT INTO public."Units" ("UnitId", "Name") VALUES ('0ada6883-a88a-4043-8846-082530bf3457', 'Food and Drinks');
INSERT INTO public."Units" ("UnitId", "Name") VALUES ('02aa612c-f122-4295-9691-3c93db68e521', 'Colors and Shapes');
INSERT INTO public."Units" ("UnitId", "Name") VALUES ('69766b23-8f41-4fd9-8175-3bf5724063f9', 'Clothing and Fashion');
INSERT INTO public."Units" ("UnitId", "Name") VALUES ('8d348cd4-7ff1-44af-a0e4-2a9e8efb18b9', 'Weather and Seasons');
INSERT INTO public."Units" ("UnitId", "Name") VALUES ('e238fa51-4d4f-4662-9184-255599aebb64', 'Travel and Transportation');

INSERT INTO public."UserLessons" ("UserLessonId", "LessonId", "UserId", "Practised", "BestScore") VALUES ('ee84df43-1351-48d0-82e6-6e7b0c2de706', 'f976b6db-bb94-47e6-b096-df3a4f000109', 'ab614814-f8b2-444b-8281-0044dd123f91', 1, 1);

INSERT INTO public."Users" ("UserId", "Username", "Password") VALUES ('ab614814-f8b2-444b-8281-0044dd123f91', 'oskar.petr', '$2a$10$pbSmC0qz47/wzCFyOnHo5uDDCW5yQKus/bWSrLTqvLr2nAq5e3dii');

INSERT INTO public."Xps" ("XpId", "Value", "UserId") VALUES ('dae2bd39-3018-434c-bf11-dab9e73ae1d0', 60, 'ab614814-f8b2-444b-8281-0044dd123f91');

INSERT INTO public."Words" ("WordId", "Value", "Meaning", "Pronunciation", "LessonId") VALUES ('00110ce7-1a80-42d6-91fa-5535d75de3e1', '牙医', 'Dentist', 'Yáyī', 'b030ca9a-f4a6-45a0-a01a-b2ddeb331175');
INSERT INTO public."Words" ("WordId", "Value", "Meaning", "Pronunciation", "LessonId") VALUES ('004ba072-401d-4abb-84fa-7d142b6df50e', '电视', 'Television', 'Diànshì', '4dbb55b9-4cf2-44f5-bee5-63562f075a77');
INSERT INTO public."Words" ("WordId", "Value", "Meaning", "Pronunciation", "LessonId") VALUES ('00d8265e-a9b3-4461-941b-c859c6b1adaf', '谢谢', 'Thank you', 'Xièxiè', '12296ab1-897e-4267-b42f-faabc5c84c33');
INSERT INTO public."Words" ("WordId", "Value", "Meaning", "Pronunciation", "LessonId") VALUES ('015d13f7-708e-485f-9d48-6fc08313f9d3', '四', 'Four', 'Sì', '9c71d5a7-f25a-4227-afc0-479f73f0bfee');
INSERT INTO public."Words" ("WordId", "Value", "Meaning", "Pronunciation", "LessonId") VALUES ('01ea1da8-cbf2-41f2-a298-43283d86846a', '九月', 'September', 'Jiǔ yuē', '6196a506-78e9-43d8-8db2-4f567baee9ae');
INSERT INTO public."Words" ("WordId", "Value", "Meaning", "Pronunciation", "LessonId") VALUES ('01f40268-52ee-4ccd-9af4-1a3aa8d42d3a', '洗脸', 'Wash face', 'Xǐliǎn', '19958da2-2992-4917-b45c-2c4d5a2707c4');
INSERT INTO public."Words" ("WordId", "Value", "Meaning", "Pronunciation", "LessonId") VALUES ('0287338e-8900-48b7-9c9a-3bc27036aace', '请', 'Please', 'Qǐng', '12296ab1-897e-4267-b42f-faabc5c84c33');
INSERT INTO public."Words" ("WordId", "Value", "Meaning", "Pronunciation", "LessonId") VALUES ('02c351c3-979c-4beb-b69b-44422383e27f', '直走', 'Go straight', 'Zhí zǒu', 'faa286d4-e2fc-4457-a22b-18f2258b6f28');
INSERT INTO public."Words" ("WordId", "Value", "Meaning", "Pronunciation", "LessonId") VALUES ('03514bd3-3856-45b5-8b02-50fa383a1c4d', '吃晚饭', 'Have dinner', 'Chī wǎnfàn', '19958da2-2992-4917-b45c-2c4d5a2707c4');
INSERT INTO public."Words" ("WordId", "Value", "Meaning", "Pronunciation", "LessonId") VALUES ('0414e97c-b715-45f5-bbba-8a55a41bcd4c', '生气', 'Angry', 'Shēngqì', 'bb2faa16-e6dc-44c2-9dde-17e090abfb49');
INSERT INTO public."Words" ("WordId", "Value", "Meaning", "Pronunciation", "LessonId") VALUES ('0880500a-fb1c-4a3b-a29c-26a4aa5b1d41', '我叫', 'My name is', 'Wǒ jiào', '0788fc43-b1ea-459b-8479-17bc8863e912');
INSERT INTO public."Words" ("WordId", "Value", "Meaning", "Pronunciation", "LessonId") VALUES ('0a29bec6-5f81-4003-be2d-479b51cbf734', '妈妈', 'Mom', 'Māmā', '202ffad3-6641-4be9-8ac8-ee284250c786');
INSERT INTO public."Words" ("WordId", "Value", "Meaning", "Pronunciation", "LessonId") VALUES ('0a2de018-a0f6-4d79-a25b-0cde92718930', '导游', 'Tour guide', 'Dǎoyóu', 'ef0b5cf7-f3cc-4a19-9634-cfb53be23455');
INSERT INTO public."Words" ("WordId", "Value", "Meaning", "Pronunciation", "LessonId") VALUES ('0a2fb1fd-271a-4992-a64f-13aa3d5da855', '衣服', 'Clothes', 'Yīfu', '6284be84-8e3c-4c03-a8f9-494860f693fe');
INSERT INTO public."Words" ("WordId", "Value", "Meaning", "Pronunciation", "LessonId") VALUES ('0a545ae0-b149-4a8b-b5f2-af4a7f27639e', '起床', 'Wake up', 'Qǐchuáng', '19958da2-2992-4917-b45c-2c4d5a2707c4');
INSERT INTO public."Words" ("WordId", "Value", "Meaning", "Pronunciation", "LessonId") VALUES ('0e41fdc1-c104-4047-919d-c6864ce962d2', '尴尬', 'Embarrassed', 'Gāngà', 'bb2faa16-e6dc-44c2-9dde-17e090abfb49');
INSERT INTO public."Words" ("WordId", "Value", "Meaning", "Pronunciation", "LessonId") VALUES ('0f3b1928-db03-4dc7-bed8-a3cf2be9a20a', '草', 'Grass', 'Cǎo', 'e5218858-8bdd-438d-8424-2b83ee76926c');
INSERT INTO public."Words" ("WordId", "Value", "Meaning", "Pronunciation", "LessonId") VALUES ('0f4c549b-39ac-4bd0-9b68-dadc102b8ac4', '四月', 'April', 'Sì yuē', '6196a506-78e9-43d8-8db2-4f567baee9ae');
INSERT INTO public."Words" ("WordId", "Value", "Meaning", "Pronunciation", "LessonId") VALUES ('0f9cf837-edaf-4944-9b82-1fd5af2509c2', '水', 'Water', 'Shuǐ', 'd38219d4-4143-4edc-ac41-0197e7225d75');
INSERT INTO public."Words" ("WordId", "Value", "Meaning", "Pronunciation", "LessonId") VALUES ('127c6616-9ec9-4def-985e-110a22cec8c1', '旅馆', 'Hotel', 'Lǚguǎn', 'ef0b5cf7-f3cc-4a19-9634-cfb53be23455');
INSERT INTO public."Words" ("WordId", "Value", "Meaning", "Pronunciation", "LessonId") VALUES ('13848f86-6a22-47d8-8296-e20348697011', '鞋子', 'Shoes', 'Xiézi', '6284be84-8e3c-4c03-a8f9-494860f693fe');
INSERT INTO public."Words" ("WordId", "Value", "Meaning", "Pronunciation", "LessonId") VALUES ('13b54e8e-7e50-4ed7-9b00-f897de8f26df', '紧张', 'Nervous', 'Jǐnzhāng', 'bb2faa16-e6dc-44c2-9dde-17e090abfb49');
INSERT INTO public."Words" ("WordId", "Value", "Meaning", "Pronunciation", "LessonId") VALUES ('14c00c88-93ae-4bf6-a5fb-3bd78e806e50', '你好', 'Hello', 'Nǐ hǎo', 'f976b6db-bb94-47e6-b096-df3a4f000109');
INSERT INTO public."Words" ("WordId", "Value", "Meaning", "Pronunciation", "LessonId") VALUES ('155fe238-3805-4c10-bf9e-95c12bac2bce', '它', 'It', 'Tā', '07df1bea-fb16-4eed-9cc8-4a06bd0c9b48');
INSERT INTO public."Words" ("WordId", "Value", "Meaning", "Pronunciation", "LessonId") VALUES ('15a9e6aa-4601-4e8e-ac84-1035812914c6', '花', 'Flower', 'Huā', 'e5218858-8bdd-438d-8424-2b83ee76926c');
INSERT INTO public."Words" ("WordId", "Value", "Meaning", "Pronunciation", "LessonId") VALUES ('16ff6227-605c-4d81-bcde-236b1d71bb4e', '手机应用', 'Mobile app', 'Shǒujī yìngyòng', '4dbb55b9-4cf2-44f5-bee5-63562f075a77');
INSERT INTO public."Words" ("WordId", "Value", "Meaning", "Pronunciation", "LessonId") VALUES ('17201657-4614-46b0-b7ae-54875279aebc', '二月', 'February', 'Èr yuē', '6196a506-78e9-43d8-8db2-4f567baee9ae');
INSERT INTO public."Words" ("WordId", "Value", "Meaning", "Pronunciation", "LessonId") VALUES ('18146c0f-3239-4434-ad30-14c188c313b8', '健康', 'Health', 'Jiànkāng', 'b030ca9a-f4a6-45a0-a01a-b2ddeb331175');
INSERT INTO public."Words" ("WordId", "Value", "Meaning", "Pronunciation", "LessonId") VALUES ('19d1bf57-fb03-4e82-9f27-588e0ee214d3', '面条', 'Noodles', 'Miàntiáo', 'd38219d4-4143-4edc-ac41-0197e7225d75');
INSERT INTO public."Words" ("WordId", "Value", "Meaning", "Pronunciation", "LessonId") VALUES ('1a80133b-45f0-430b-8949-42976a2e8582', '你们', 'You (plural)', 'Nǐmen', '07df1bea-fb16-4eed-9cc8-4a06bd0c9b48');
INSERT INTO public."Words" ("WordId", "Value", "Meaning", "Pronunciation", "LessonId") VALUES ('1adf36c4-ee2b-46a4-9203-7efcb1fa30b8', '情人节', 'Valentine''s Day', 'Qíngrén jié', 'f80e61b8-72ea-4a02-92d7-aceb6126b899');
INSERT INTO public."Words" ("WordId", "Value", "Meaning", "Pronunciation", "LessonId") VALUES ('1eb89da0-7251-483b-9322-2dad97e67b1f', '羽毛球', 'Badminton', 'Yǔmáoqiú', '6b76be68-764d-4464-83c5-5539c9050058');
INSERT INTO public."Words" ("WordId", "Value", "Meaning", "Pronunciation", "LessonId") VALUES ('20a93be1-c060-4243-908d-6d3128c334ad', '爷爷', 'Grandfather', 'Yéye', '202ffad3-6641-4be9-8ac8-ee284250c786');
INSERT INTO public."Words" ("WordId", "Value", "Meaning", "Pronunciation", "LessonId") VALUES ('215f0809-1468-4dd7-a3d1-86c6fddaf9fe', '太阳', 'Sun', 'Tàiyáng', 'e5218858-8bdd-438d-8424-2b83ee76926c');
INSERT INTO public."Words" ("WordId", "Value", "Meaning", "Pronunciation", "LessonId") VALUES ('217cec72-1b18-499a-affd-e8f5753b0841', '平板电脑', 'Tablet', 'Píngbǎn diànnǎo', '4dbb55b9-4cf2-44f5-bee5-63562f075a77');
INSERT INTO public."Words" ("WordId", "Value", "Meaning", "Pronunciation", "LessonId") VALUES ('22c52c7a-8baf-418b-b5ca-b2206dd854c6', '笔', 'Pen', 'Bǐ', 'bfb126d4-089a-43e5-829a-a8b5cfa9fb89');
INSERT INTO public."Words" ("WordId", "Value", "Meaning", "Pronunciation", "LessonId") VALUES ('23486012-e8ec-4655-977d-7e23de609a72', '一月', 'January', 'Yī yuē', '6196a506-78e9-43d8-8db2-4f567baee9ae');
INSERT INTO public."Words" ("WordId", "Value", "Meaning", "Pronunciation", "LessonId") VALUES ('23fb41c6-78e6-4655-b858-601ccd0889e3', '吃午饭', 'Have lunch', 'Chī wǔfàn', '19958da2-2992-4917-b45c-2c4d5a2707c4');
INSERT INTO public."Words" ("WordId", "Value", "Meaning", "Pronunciation", "LessonId") VALUES ('243fdb21-5549-4068-9009-cad9b13f6739', '鼠标', 'Mouse', 'Shǔbiāo', '4dbb55b9-4cf2-44f5-bee5-63562f075a77');
INSERT INTO public."Words" ("WordId", "Value", "Meaning", "Pronunciation", "LessonId") VALUES ('24b10408-39bd-48fe-b2e7-9ea4b207dc0c', '前进', 'Go ahead', 'Qiánjìn', 'faa286d4-e2fc-4457-a22b-18f2258b6f28');
INSERT INTO public."Words" ("WordId", "Value", "Meaning", "Pronunciation", "LessonId") VALUES ('24c082f7-9335-4757-94e2-a5dc56e8c988', '市场', 'Market', 'Shìchǎng', '6284be84-8e3c-4c03-a8f9-494860f693fe');
INSERT INTO public."Words" ("WordId", "Value", "Meaning", "Pronunciation", "LessonId") VALUES ('253dfaaa-3fde-4775-a0ee-ae02d9d193f4', '再见', 'Goodbye', 'Zàijiàn', 'f976b6db-bb94-47e6-b096-df3a4f000109');
INSERT INTO public."Words" ("WordId", "Value", "Meaning", "Pronunciation", "LessonId") VALUES ('2719e9c8-1949-40d8-a00e-ecd619524c11', '机票', 'Plane ticket', 'Jīpiào', 'ef0b5cf7-f3cc-4a19-9634-cfb53be23455');
INSERT INTO public."Words" ("WordId", "Value", "Meaning", "Pronunciation", "LessonId") VALUES ('2740c929-0c45-42fd-bff9-8425877efe40', '你', 'You', 'Nǐ', '07df1bea-fb16-4eed-9cc8-4a06bd0c9b48');
INSERT INTO public."Words" ("WordId", "Value", "Meaning", "Pronunciation", "LessonId") VALUES ('293b21e3-c228-411f-99b3-d8a20f5300b1', '感冒', 'Cold', 'Gǎnmào', 'b030ca9a-f4a6-45a0-a01a-b2ddeb331175');
INSERT INTO public."Words" ("WordId", "Value", "Meaning", "Pronunciation", "LessonId") VALUES ('29822fa3-c928-4ea8-a888-1a3467dca8ad', '星期天', 'Sunday', 'Xīngqī tiān', 'f268440f-fce0-432b-9a8d-6a6dd4d96255');
INSERT INTO public."Words" ("WordId", "Value", "Meaning", "Pronunciation", "LessonId") VALUES ('2a2f82c8-f937-4bfd-892e-1a695ab5b3e2', '键盘', 'Keyboard', 'Jiàn​pán', '4dbb55b9-4cf2-44f5-bee5-63562f075a77');
INSERT INTO public."Words" ("WordId", "Value", "Meaning", "Pronunciation", "LessonId") VALUES ('2a8f8311-d3db-42e8-92fa-9c152a4e7227', '签证', 'Visa', 'Qiānzhèng', 'ef0b5cf7-f3cc-4a19-9634-cfb53be23455');
INSERT INTO public."Words" ("WordId", "Value", "Meaning", "Pronunciation", "LessonId") VALUES ('2be75463-fa11-49bb-912a-015e0bbafc6b', '没关系', 'It''s okay', 'Méiguānxi', '12296ab1-897e-4267-b42f-faabc5c84c33');
INSERT INTO public."Words" ("WordId", "Value", "Meaning", "Pronunciation", "LessonId") VALUES ('2c835c91-8953-492b-b0a1-6b45c8299550', '自行车', 'Bicycle', 'Zìxíngchē', 'ae13156f-d4bb-479f-9860-86342ed5f869');
INSERT INTO public."Words" ("WordId", "Value", "Meaning", "Pronunciation", "LessonId") VALUES ('2ccacd08-311e-400c-a8c5-489536063cbb', '鸟', 'Bird', 'Niǎo', '6fb7a513-8e41-474a-85e4-b314253ab593');
INSERT INTO public."Words" ("WordId", "Value", "Meaning", "Pronunciation", "LessonId") VALUES ('3172f69a-ba30-46f2-ae6e-e8c57ab2918d', '奶奶', 'Grandmother', 'Nǎinai', '202ffad3-6641-4be9-8ac8-ee284250c786');
INSERT INTO public."Words" ("WordId", "Value", "Meaning", "Pronunciation", "LessonId") VALUES ('339ad481-0ceb-4a76-ad7f-4bc13ef3b901', '甜点', 'Dessert', 'Tiándiǎn', '11355555-4e4e-40c6-aff9-45b3b167e12c');
INSERT INTO public."Words" ("WordId", "Value", "Meaning", "Pronunciation", "LessonId") VALUES ('377a5fed-6939-4391-a389-5e0f73e9b22e', '经过公园', 'Pass by the park', 'Jīngguò gōngyuán', 'faa286d4-e2fc-4457-a22b-18f2258b6f28');
INSERT INTO public."Words" ("WordId", "Value", "Meaning", "Pronunciation", "LessonId") VALUES ('3884fd5a-17b8-44f6-a0dd-35047dc78a50', '老师', 'Teacher', 'Lǎoshī', 'bfb126d4-089a-43e5-829a-a8b5cfa9fb89');
INSERT INTO public."Words" ("WordId", "Value", "Meaning", "Pronunciation", "LessonId") VALUES ('39625885-6ce4-4228-bcd8-b94aeffcb193', '我', 'I', 'Wǒ', '07df1bea-fb16-4eed-9cc8-4a06bd0c9b48');
INSERT INTO public."Words" ("WordId", "Value", "Meaning", "Pronunciation", "LessonId") VALUES ('39939b90-f866-4aac-a1ea-dde9fc5efcae', '网球', 'Tennis', 'Wǎngqiú', '6b76be68-764d-4464-83c5-5539c9050058');
INSERT INTO public."Words" ("WordId", "Value", "Meaning", "Pronunciation", "LessonId") VALUES ('39f64b5d-5bd3-4289-af96-59c6350526e9', '饮料', 'Beverage', 'Yǐnliào', '11355555-4e4e-40c6-aff9-45b3b167e12c');
INSERT INTO public."Words" ("WordId", "Value", "Meaning", "Pronunciation", "LessonId") VALUES ('3a826c69-a9d0-4376-bbf3-6a2fb3efc903', '购物中心', 'Shopping mall', 'Gòuwù zhōngxīn', '6284be84-8e3c-4c03-a8f9-494860f693fe');
INSERT INTO public."Words" ("WordId", "Value", "Meaning", "Pronunciation", "LessonId") VALUES ('3af1f0e6-99cc-4c57-bb19-241424b3e3bc', '她们', 'They (female)', 'Tāmen', '07df1bea-fb16-4eed-9cc8-4a06bd0c9b48');
INSERT INTO public."Words" ("WordId", "Value", "Meaning", "Pronunciation", "LessonId") VALUES ('3f9910ed-9acb-4c3c-bbb5-abfecbfe1f61', '星星', 'Star', 'Xīngxīng', 'e5218858-8bdd-438d-8424-2b83ee76926c');
INSERT INTO public."Words" ("WordId", "Value", "Meaning", "Pronunciation", "LessonId") VALUES ('426c5f9c-2411-481f-baae-e8b6662a51c8', '裤子', 'Pants', 'Kùzi', 'a89d60d3-20d2-464e-b321-868e33c45d12');
INSERT INTO public."Words" ("WordId", "Value", "Meaning", "Pronunciation", "LessonId") VALUES ('42b6bf46-ed37-4e11-a5b1-b58a0f3c9732', '幸福', 'Content', 'Xìngfú', 'bb2faa16-e6dc-44c2-9dde-17e090abfb49');
INSERT INTO public."Words" ("WordId", "Value", "Meaning", "Pronunciation", "LessonId") VALUES ('4443da3a-4310-4202-9622-578a8b289195', '火车', 'Train', 'Huǒchē', 'ae13156f-d4bb-479f-9860-86342ed5f869');
INSERT INTO public."Words" ("WordId", "Value", "Meaning", "Pronunciation", "LessonId") VALUES ('4470b050-b4d5-4bb1-a50e-8950bd3f583d', '鱼', 'Fish', 'Yú', '6fb7a513-8e41-474a-85e4-b314253ab593');
INSERT INTO public."Words" ("WordId", "Value", "Meaning", "Pronunciation", "LessonId") VALUES ('45b2357a-33de-463e-b658-6420f8696f89', '火车票', 'Train ticket', 'Huǒchēpiào', 'ef0b5cf7-f3cc-4a19-9634-cfb53be23455');
INSERT INTO public."Words" ("WordId", "Value", "Meaning", "Pronunciation", "LessonId") VALUES ('47e45c8d-7ff7-40cf-9fcf-f25ea3e83879', '电器', 'Electronics', 'Diànqì', '6284be84-8e3c-4c03-a8f9-494860f693fe');
INSERT INTO public."Words" ("WordId", "Value", "Meaning", "Pronunciation", "LessonId") VALUES ('4a25eaed-b91a-474d-b9d6-19333bbdfb8c', '相机', 'Camera', 'Xiàngjī', '4dbb55b9-4cf2-44f5-bee5-63562f075a77');
INSERT INTO public."Words" ("WordId", "Value", "Meaning", "Pronunciation", "LessonId") VALUES ('4ad4314e-107a-41d6-9976-1fe211a21129', '果汁', 'Juice', 'Guǒzhī', 'd38219d4-4143-4edc-ac41-0197e7225d75');
INSERT INTO public."Words" ("WordId", "Value", "Meaning", "Pronunciation", "LessonId") VALUES ('4ad8069b-62ca-444d-b9e8-605394f3b231', '领带', 'Necktie', 'Lǐngdài', 'a89d60d3-20d2-464e-b321-868e33c45d12');
INSERT INTO public."Words" ("WordId", "Value", "Meaning", "Pronunciation", "LessonId") VALUES ('4b1d3c00-1777-4693-a717-58efb2c18161', '你是哪国人', 'Where are you from?', 'Nǐ shì nǎ guó rén?', '0788fc43-b1ea-459b-8479-17bc8863e912');
INSERT INTO public."Words" ("WordId", "Value", "Meaning", "Pronunciation", "LessonId") VALUES ('4bf73547-1206-43d5-b4e9-9321e9649253', '晚上好', 'Good evening', 'Wǎnshàng hǎo', 'f976b6db-bb94-47e6-b096-df3a4f000109');
INSERT INTO public."Words" ("WordId", "Value", "Meaning", "Pronunciation", "LessonId") VALUES ('4c199508-66dc-4127-bc76-489fb067d2b0', '学校', 'School', 'Xuéxiào', 'bfb126d4-089a-43e5-829a-a8b5cfa9fb89');
INSERT INTO public."Words" ("WordId", "Value", "Meaning", "Pronunciation", "LessonId") VALUES ('4c327b62-892c-4535-843a-6f6b1d7900ac', '咖啡', 'Coffee', 'Kāfēi', 'd38219d4-4143-4edc-ac41-0197e7225d75');
INSERT INTO public."Words" ("WordId", "Value", "Meaning", "Pronunciation", "LessonId") VALUES ('4d1387e6-6d4f-4c3e-9599-1e15c6e2ad60', '景点', 'Tourist attraction', 'Jǐngdiǎn', 'ef0b5cf7-f3cc-4a19-9634-cfb53be23455');
INSERT INTO public."Words" ("WordId", "Value", "Meaning", "Pronunciation", "LessonId") VALUES ('4e41b559-99a7-47a4-8bbd-fd9b002a9c7e', '谢谢', 'Thank you', 'Xièxiè', 'f976b6db-bb94-47e6-b096-df3a4f000109');
INSERT INTO public."Words" ("WordId", "Value", "Meaning", "Pronunciation", "LessonId") VALUES ('50081937-2c7d-4a78-a225-81660baef80a', '医生', 'Doctor', 'Yīshēng', 'cd515d06-6690-40a4-890f-9f6606e7b9b8');
INSERT INTO public."Words" ("WordId", "Value", "Meaning", "Pronunciation", "LessonId") VALUES ('503a753b-0800-41ab-9550-5f63c465ed87', '左转', 'Turn left', 'Zuǒ zhuǎn', 'faa286d4-e2fc-4457-a22b-18f2258b6f28');
INSERT INTO public."Words" ("WordId", "Value", "Meaning", "Pronunciation", "LessonId") VALUES ('50694fcb-6d8b-4fac-94d0-bbc49e284100', '风', 'Wind', 'Fēng', 'e5218858-8bdd-438d-8424-2b83ee76926c');
INSERT INTO public."Words" ("WordId", "Value", "Meaning", "Pronunciation", "LessonId") VALUES ('514e0a8d-a380-4fd4-b560-ccdd885967ca', '五月', 'May', 'Wǔ yuē', '6196a506-78e9-43d8-8db2-4f567baee9ae');
INSERT INTO public."Words" ("WordId", "Value", "Meaning", "Pronunciation", "LessonId") VALUES ('52e2fb48-e186-4505-8c63-0f43a012caa8', '星期五', 'Friday', 'Xīngqī wǔ', 'f268440f-fce0-432b-9a8d-6a6dd4d96255');
INSERT INTO public."Words" ("WordId", "Value", "Meaning", "Pronunciation", "LessonId") VALUES ('53a82bad-0991-4692-8a0f-727d3908bd0e', '对不起', 'I''m sorry', 'Duìbùqǐ', '12296ab1-897e-4267-b42f-faabc5c84c33');
INSERT INTO public."Words" ("WordId", "Value", "Meaning", "Pronunciation", "LessonId") VALUES ('540c85d1-8dfd-43f1-ad8c-f3bb23c45f66', '茶', 'Tea', 'Chá', 'd38219d4-4143-4edc-ac41-0197e7225d75');
INSERT INTO public."Words" ("WordId", "Value", "Meaning", "Pronunciation", "LessonId") VALUES ('549aa1de-d328-451c-9a53-0cfcd00ca5a7', '第一个路口', 'First intersection', 'Dì yī gè lùkǒu', 'faa286d4-e2fc-4457-a22b-18f2258b6f28');
INSERT INTO public."Words" ("WordId", "Value", "Meaning", "Pronunciation", "LessonId") VALUES ('56c2839b-fa0a-4ec3-8bdc-bcd6378162d3', '衣服', 'Clothes', 'Yīfu', 'a89d60d3-20d2-464e-b321-868e33c45d12');
INSERT INTO public."Words" ("WordId", "Value", "Meaning", "Pronunciation", "LessonId") VALUES ('57159e33-5c09-42d1-9263-b293bb81c808', '第二个红绿灯', 'Second traffic light', 'Dì èr gè hónglǜdēng', 'faa286d4-e2fc-4457-a22b-18f2258b6f28');
INSERT INTO public."Words" ("WordId", "Value", "Meaning", "Pronunciation", "LessonId") VALUES ('57bc28b1-7000-4d3e-9591-59471d6bf200', '衬衫', 'Shirt', 'Chènshān', 'a89d60d3-20d2-464e-b321-868e33c45d12');
INSERT INTO public."Words" ("WordId", "Value", "Meaning", "Pronunciation", "LessonId") VALUES ('57e9e9ea-c50d-468d-93dc-de7978f5c6f0', '睡觉', 'Go to bed', 'Shuìjiào', '19958da2-2992-4917-b45c-2c4d5a2707c4');
INSERT INTO public."Words" ("WordId", "Value", "Meaning", "Pronunciation", "LessonId") VALUES ('58d649ad-4624-432b-b4e3-e8c3000b373f', '运动', 'Sports', 'Yùndòng', '8025c38d-17b7-4d81-bc6e-d7da8bf97cbb');
INSERT INTO public."Words" ("WordId", "Value", "Meaning", "Pronunciation", "LessonId") VALUES ('5a40c558-3275-42a6-8d7f-bb9e24bf5ee3', '马', 'Horse', 'Mǎ', '6fb7a513-8e41-474a-85e4-b314253ab593');
INSERT INTO public."Words" ("WordId", "Value", "Meaning", "Pronunciation", "LessonId") VALUES ('5ae0c97a-9cc9-49db-8914-afb251c6ce96', '很高兴认识你', 'Nice to meet you', 'Hěn gāoxìng rènshì nǐ', '0788fc43-b1ea-459b-8479-17bc8863e912');
INSERT INTO public."Words" ("WordId", "Value", "Meaning", "Pronunciation", "LessonId") VALUES ('5b6c268d-c3aa-4792-85a4-5c4de2eef797', '你好吗', 'How are you?', 'Nǐ hǎo ma?', 'f976b6db-bb94-47e6-b096-df3a4f000109');
INSERT INTO public."Words" ("WordId", "Value", "Meaning", "Pronunciation", "LessonId") VALUES ('5b851a2c-be41-42ad-98d9-b4ec5ce0f21f', '摩托车', 'Motorcycle', 'Mótuōchē', 'ae13156f-d4bb-479f-9860-86342ed5f869');
INSERT INTO public."Words" ("WordId", "Value", "Meaning", "Pronunciation", "LessonId") VALUES ('5ba00164-8f47-46aa-8fb4-d16e066de898', '游泳', 'Swimming', 'Yóuyǒng', '8025c38d-17b7-4d81-bc6e-d7da8bf97cbb');
INSERT INTO public."Words" ("WordId", "Value", "Meaning", "Pronunciation", "LessonId") VALUES ('5c0636a0-f130-43bd-9d3d-8d2dbaf1c249', '机场', 'Airport', 'Jīchǎng', 'ae13156f-d4bb-479f-9860-86342ed5f869');
INSERT INTO public."Words" ("WordId", "Value", "Meaning", "Pronunciation", "LessonId") VALUES ('5c66b56b-7405-47c9-aac9-a09dc75d2803', '暴风雨', 'Storm', 'Bàofēngyǔ', 'd031b44f-f38a-4ff3-b37e-97481c0fac14');
INSERT INTO public."Words" ("WordId", "Value", "Meaning", "Pronunciation", "LessonId") VALUES ('5dd7185e-cf51-4d7d-abf1-4b1669d218d8', '音乐', 'Music', 'Yīnyuè', '8025c38d-17b7-4d81-bc6e-d7da8bf97cbb');
INSERT INTO public."Words" ("WordId", "Value", "Meaning", "Pronunciation", "LessonId") VALUES ('5e7923ef-a9a7-4ac1-ab5b-d58dd9230bb1', '工程师', 'Engineer', 'Gōngchéngshī', 'cd515d06-6690-40a4-890f-9f6606e7b9b8');
INSERT INTO public."Words" ("WordId", "Value", "Meaning", "Pronunciation", "LessonId") VALUES ('613e2185-331a-4d86-bd76-afa76fb31cbb', '天空', 'Sky', 'Tiānkōng', 'e5218858-8bdd-438d-8424-2b83ee76926c');
INSERT INTO public."Words" ("WordId", "Value", "Meaning", "Pronunciation", "LessonId") VALUES ('6149a0b4-1759-4f3a-9bc9-0ba1fd36a64b', '包子', 'Steamed bun', 'Bāozi', 'd38219d4-4143-4edc-ac41-0197e7225d75');
INSERT INTO public."Words" ("WordId", "Value", "Meaning", "Pronunciation", "LessonId") VALUES ('61b763f5-02cd-4e41-8487-70834febb7cc', '万圣节', 'Halloween', 'Wànshèng jié', 'f80e61b8-72ea-4a02-92d7-aceb6126b899');
INSERT INTO public."Words" ("WordId", "Value", "Meaning", "Pronunciation", "LessonId") VALUES ('62d0d8d3-6912-42d4-bf93-5314b837c4b7', '围巾', 'Scarf', 'Wéijīn', 'a89d60d3-20d2-464e-b321-868e33c45d12');
INSERT INTO public."Words" ("WordId", "Value", "Meaning", "Pronunciation", "LessonId") VALUES ('62d346a0-b698-4251-a16f-515882234fb6', '发烧', 'Fever', 'Fāshāo', 'b030ca9a-f4a6-45a0-a01a-b2ddeb331175');
INSERT INTO public."Words" ("WordId", "Value", "Meaning", "Pronunciation", "LessonId") VALUES ('634e44b6-ebfa-4654-8da1-462b7e70fa10', '牛奶', 'Milk', 'Niúnǎi', 'd38219d4-4143-4edc-ac41-0197e7225d75');
INSERT INTO public."Words" ("WordId", "Value", "Meaning", "Pronunciation", "LessonId") VALUES ('637544fc-40f2-40a8-814e-c66d85c34901', '水', 'Water', 'Shuǐ', 'e5218858-8bdd-438d-8424-2b83ee76926c');
INSERT INTO public."Words" ("WordId", "Value", "Meaning", "Pronunciation", "LessonId") VALUES ('65128a0c-601d-4ac2-9c7f-85bcfa55fc6e', '网络', 'Internet', 'Wǎngluò', '4dbb55b9-4cf2-44f5-bee5-63562f075a77');
INSERT INTO public."Words" ("WordId", "Value", "Meaning", "Pronunciation", "LessonId") VALUES ('6803b76b-4faf-42a7-9946-d176574063bc', '爸爸', 'Dad', 'Bàba', '202ffad3-6641-4be9-8ac8-ee284250c786');
INSERT INTO public."Words" ("WordId", "Value", "Meaning", "Pronunciation", "LessonId") VALUES ('68906694-0c4e-4217-8a44-ba3b80f17299', '三月', 'March', 'Sān yuē', '6196a506-78e9-43d8-8db2-4f567baee9ae');
INSERT INTO public."Words" ("WordId", "Value", "Meaning", "Pronunciation", "LessonId") VALUES ('68b59f15-b4af-41a0-a3dc-f9b134286703', '地铁', 'Subway', 'Dìtiě', 'ae13156f-d4bb-479f-9860-86342ed5f869');
INSERT INTO public."Words" ("WordId", "Value", "Meaning", "Pronunciation", "LessonId") VALUES ('68e28fed-7783-49fc-8203-625dd99890f4', '它们', 'They (non-human)', 'Tāmen', '07df1bea-fb16-4eed-9cc8-4a06bd0c9b48');
INSERT INTO public."Words" ("WordId", "Value", "Meaning", "Pronunciation", "LessonId") VALUES ('69aaf12a-464f-4d9a-a8ef-18eaf01a73c5', '篮球', 'Basketball', 'Lánqiú', '6b76be68-764d-4464-83c5-5539c9050058');
INSERT INTO public."Words" ("WordId", "Value", "Meaning", "Pronunciation", "LessonId") VALUES ('6a6b5e97-2b6f-447c-bdd7-5351bca8a857', '牛', 'Cow', 'Niú', '6fb7a513-8e41-474a-85e4-b314253ab593');
INSERT INTO public."Words" ("WordId", "Value", "Meaning", "Pronunciation", "LessonId") VALUES ('6adc0655-e31a-4a54-b3f2-6c77f6d8c9ed', '困惑', 'Confused', 'Kùnhuò', 'bb2faa16-e6dc-44c2-9dde-17e090abfb49');
INSERT INTO public."Words" ("WordId", "Value", "Meaning", "Pronunciation", "LessonId") VALUES ('6c6b3c1a-7f84-4279-9dca-4783bf924656', '晴天', 'Sunny day', 'Qíngtiān', 'd031b44f-f38a-4ff3-b37e-97481c0fac14');
INSERT INTO public."Words" ("WordId", "Value", "Meaning", "Pronunciation", "LessonId") VALUES ('6fed84e2-62d9-471e-ba4e-09275394d206', '厨师', 'Chef', 'Chúshī', 'cd515d06-6690-40a4-890f-9f6606e7b9b8');
INSERT INTO public."Words" ("WordId", "Value", "Meaning", "Pronunciation", "LessonId") VALUES ('70fe5f47-b74a-4b31-aa8b-c984f3a071a3', '手机', 'Mobile phone', 'Shǒujī', '4dbb55b9-4cf2-44f5-bee5-63562f075a77');
INSERT INTO public."Words" ("WordId", "Value", "Meaning", "Pronunciation", "LessonId") VALUES ('722d8dfd-fb65-4c4b-bd1d-2cfad9dfa69d', '七', 'Seven', 'Qī', '9c71d5a7-f25a-4227-afc0-479f73f0bfee');
INSERT INTO public."Words" ("WordId", "Value", "Meaning", "Pronunciation", "LessonId") VALUES ('7294a1fe-5d38-45e1-b2f2-1bf902dcab09', '对不起', 'Sorry', 'Duìbùqǐ', 'f976b6db-bb94-47e6-b096-df3a4f000109');
INSERT INTO public."Words" ("WordId", "Value", "Meaning", "Pronunciation", "LessonId") VALUES ('72a1995a-3f4b-4d22-bc94-ce776d1b55a7', '主菜', 'Main course', 'Zhǔ cài', '11355555-4e4e-40c6-aff9-45b3b167e12c');
INSERT INTO public."Words" ("WordId", "Value", "Meaning", "Pronunciation", "LessonId") VALUES ('73688d13-3757-4f07-9afe-18e63838508e', '春节', 'Spring Festival', 'Chūnjié', 'f80e61b8-72ea-4a02-92d7-aceb6126b899');
INSERT INTO public."Words" ("WordId", "Value", "Meaning", "Pronunciation", "LessonId") VALUES ('75243877-ae51-4d9f-b99f-25bf959a2769', '他', 'He', 'Tā', '07df1bea-fb16-4eed-9cc8-4a06bd0c9b48');
INSERT INTO public."Words" ("WordId", "Value", "Meaning", "Pronunciation", "LessonId") VALUES ('76bc2964-7113-4fa4-8264-b056d65d50db', '十月', 'October', 'Shí yuē', '6196a506-78e9-43d8-8db2-4f567baee9ae');
INSERT INTO public."Words" ("WordId", "Value", "Meaning", "Pronunciation", "LessonId") VALUES ('77a9fc1f-77ad-4a21-b5dc-7806e6e3ed1a', '超市', 'Supermarket', 'Chāoshì', 'a63f2307-e83b-40d8-a67a-f7060821b64c');
INSERT INTO public."Words" ("WordId", "Value", "Meaning", "Pronunciation", "LessonId") VALUES ('7866962b-fb06-4179-80c0-137f5361091b', '上班', 'Go to work', 'Shàngbān', '19958da2-2992-4917-b45c-2c4d5a2707c4');
INSERT INTO public."Words" ("WordId", "Value", "Meaning", "Pronunciation", "LessonId") VALUES ('78b1dd04-8620-4628-b6d4-1c2bf2c33b36', '星期三', 'Wednesday', 'Xīngqī sān', 'f268440f-fce0-432b-9a8d-6a6dd4d96255');
INSERT INTO public."Words" ("WordId", "Value", "Meaning", "Pronunciation", "LessonId") VALUES ('79b6d490-43c7-43d8-ae0e-91068a8c2351', '银行', 'Bank', 'Yínháng', 'a63f2307-e83b-40d8-a67a-f7060821b64c');
INSERT INTO public."Words" ("WordId", "Value", "Meaning", "Pronunciation", "LessonId") VALUES ('7a8d130d-3c4c-43d8-b446-b5535c80cf56', '八', 'Eight', 'Bā', '9c71d5a7-f25a-4227-afc0-479f73f0bfee');
INSERT INTO public."Words" ("WordId", "Value", "Meaning", "Pronunciation", "LessonId") VALUES ('7ac7b7ef-a0b0-4e97-86f7-c890820004aa', '旅游', 'Traveling', 'Lǚyóu', '8025c38d-17b7-4d81-bc6e-d7da8bf97cbb');
INSERT INTO public."Words" ("WordId", "Value", "Meaning", "Pronunciation", "LessonId") VALUES ('7c4a45d5-5b07-4b6a-8458-6f49fba96dd3', '雨天', 'Rainy day', 'Yǔtiān', 'd031b44f-f38a-4ff3-b37e-97481c0fac14');
INSERT INTO public."Words" ("WordId", "Value", "Meaning", "Pronunciation", "LessonId") VALUES ('7ccd1e33-7016-4685-86c5-e1aad9beda78', '火车站', 'Train station', 'Huǒchē zhàn', 'a63f2307-e83b-40d8-a67a-f7060821b64c');
INSERT INTO public."Words" ("WordId", "Value", "Meaning", "Pronunciation", "LessonId") VALUES ('7d5424f7-c1a6-4a1c-a909-39d95e0be042', '兔子', 'Rabbit', 'Tùzi', '6fb7a513-8e41-474a-85e4-b314253ab593');
INSERT INTO public."Words" ("WordId", "Value", "Meaning", "Pronunciation", "LessonId") VALUES ('7d9e69a9-06ac-44e9-a61d-6b98499b60df', '沮丧', 'Frustrated', 'Jǔsàng', 'bb2faa16-e6dc-44c2-9dde-17e090abfb49');
INSERT INTO public."Words" ("WordId", "Value", "Meaning", "Pronunciation", "LessonId") VALUES ('7dbd9b18-1dac-428d-9207-05a190a40754', '服务员', 'Waiter', 'Fúwùyuán', '11355555-4e4e-40c6-aff9-45b3b167e12c');
INSERT INTO public."Words" ("WordId", "Value", "Meaning", "Pronunciation", "LessonId") VALUES ('7ee6fe7b-d887-4843-8027-a17fbc55a41d', '打篮球', 'Play basketball', 'Dǎ lánqiú', '8025c38d-17b7-4d81-bc6e-d7da8bf97cbb');
INSERT INTO public."Words" ("WordId", "Value", "Meaning", "Pronunciation", "LessonId") VALUES ('812d89b1-48be-44c8-8f8e-a2305be8b1bf', '老师', 'Teacher', 'Lǎoshī', 'cd515d06-6690-40a4-890f-9f6606e7b9b8');
INSERT INTO public."Words" ("WordId", "Value", "Meaning", "Pronunciation", "LessonId") VALUES ('8143ba4b-fc75-415a-8e08-fe5d451d148b', '猫', 'Cat', 'Māo', '6fb7a513-8e41-474a-85e4-b314253ab593');
INSERT INTO public."Words" ("WordId", "Value", "Meaning", "Pronunciation", "LessonId") VALUES ('8343c400-d14f-426f-8a53-f7650ea89cd0', '天气预报', 'Weather forecast', 'Tiānqì yùbào', 'd031b44f-f38a-4ff3-b37e-97481c0fac14');
INSERT INTO public."Words" ("WordId", "Value", "Meaning", "Pronunciation", "LessonId") VALUES ('850f64e9-799c-4f7d-b589-298a20b97120', '外套', 'Jacket', 'Wàitào', 'a89d60d3-20d2-464e-b321-868e33c45d12');
INSERT INTO public."Words" ("WordId", "Value", "Meaning", "Pronunciation", "LessonId") VALUES ('85643fc1-5826-461d-ad4e-7035ecc75ce9', '树', 'Tree', 'Shù', 'e5218858-8bdd-438d-8424-2b83ee76926c');
INSERT INTO public."Words" ("WordId", "Value", "Meaning", "Pronunciation", "LessonId") VALUES ('8596bbe4-2973-48aa-87a0-bed20012d8c9', '购物', 'Shopping', 'Gòuwù', '8025c38d-17b7-4d81-bc6e-d7da8bf97cbb');
INSERT INTO public."Words" ("WordId", "Value", "Meaning", "Pronunciation", "LessonId") VALUES ('861e76b1-6518-40ed-bdb1-b070e5a4860c', '读书', 'Reading', 'Dúshū', '8025c38d-17b7-4d81-bc6e-d7da8bf97cbb');
INSERT INTO public."Words" ("WordId", "Value", "Meaning", "Pronunciation", "LessonId") VALUES ('8878b293-98c6-4a62-b9c4-3fe26fac91a0', '请多关照', 'Please take care of me', 'Qǐng duō guānzhào', '12296ab1-897e-4267-b42f-faabc5c84c33');
INSERT INTO public."Words" ("WordId", "Value", "Meaning", "Pronunciation", "LessonId") VALUES ('8c73309f-1a43-4243-b45c-82475e23c25b', '我来自', 'I am from', 'Wǒ láizì', '0788fc43-b1ea-459b-8479-17bc8863e912');
INSERT INTO public."Words" ("WordId", "Value", "Meaning", "Pronunciation", "LessonId") VALUES ('8d45db70-95fa-4ca6-a2e3-a74c1137e549', '早上好', 'Good morning', 'Zǎoshang hǎo', 'f976b6db-bb94-47e6-b096-df3a4f000109');
INSERT INTO public."Words" ("WordId", "Value", "Meaning", "Pronunciation", "LessonId") VALUES ('8d747152-5576-42fc-bc29-2e55464c26c2', '跳绳', 'Skipping rope', 'Tiàoshéng', '6b76be68-764d-4464-83c5-5539c9050058');
INSERT INTO public."Words" ("WordId", "Value", "Meaning", "Pronunciation", "LessonId") VALUES ('8f917606-292c-4b2e-a490-b4cea173886c', '乒乓球', 'Table tennis', 'Pīngpāngqiú', '6b76be68-764d-4464-83c5-5539c9050058');
INSERT INTO public."Words" ("WordId", "Value", "Meaning", "Pronunciation", "LessonId") VALUES ('9130cfb5-f6be-4283-bf5b-767900d61f91', '多云', 'Partly cloudy', 'Duōyún', 'd031b44f-f38a-4ff3-b37e-97481c0fac14');
INSERT INTO public."Words" ("WordId", "Value", "Meaning", "Pronunciation", "LessonId") VALUES ('915244ed-f09b-44ed-844d-66546936d742', '阴天', 'Cloudy day', 'Yīntiān', 'd031b44f-f38a-4ff3-b37e-97481c0fac14');
INSERT INTO public."Words" ("WordId", "Value", "Meaning", "Pronunciation", "LessonId") VALUES ('93a14ce5-9dd0-4beb-afac-e42ce0566914', '公园', 'Park', 'Gōngyuán', 'a63f2307-e83b-40d8-a67a-f7060821b64c');
INSERT INTO public."Words" ("WordId", "Value", "Meaning", "Pronunciation", "LessonId") VALUES ('93d2a5d5-3cb1-4b9f-82b2-23fad47f0ff1', '右转', 'Turn right', 'Yòu zhuǎn', 'faa286d4-e2fc-4457-a22b-18f2258b6f28');
INSERT INTO public."Words" ("WordId", "Value", "Meaning", "Pronunciation", "LessonId") VALUES ('93e1268e-0a2b-46c7-978c-e74a57587c8d', '哥哥', 'Elder brother', 'Gēge', '202ffad3-6641-4be9-8ac8-ee284250c786');
INSERT INTO public."Words" ("WordId", "Value", "Meaning", "Pronunciation", "LessonId") VALUES ('945c3799-7def-4440-aebb-5c1f63d11ade', '星期四', 'Thursday', 'Xīngqī sì', 'f268440f-fce0-432b-9a8d-6a6dd4d96255');
INSERT INTO public."Words" ("WordId", "Value", "Meaning", "Pronunciation", "LessonId") VALUES ('9498b9de-7072-489a-9890-b5520e6f19ed', '医生', 'Doctor', 'Yīshēng', 'b030ca9a-f4a6-45a0-a01a-b2ddeb331175');
INSERT INTO public."Words" ("WordId", "Value", "Meaning", "Pronunciation", "LessonId") VALUES ('9555cec0-9fff-4940-9bf3-e81f0c9528d1', '没关系', 'It''s okay', 'Méiguānxi', 'f976b6db-bb94-47e6-b096-df3a4f000109');
INSERT INTO public."Words" ("WordId", "Value", "Meaning", "Pronunciation", "LessonId") VALUES ('96955908-51d7-46f7-9b02-cb28f40f580c', '雪天', 'Snowy day', 'Xuětiān', 'd031b44f-f38a-4ff3-b37e-97481c0fac14');
INSERT INTO public."Words" ("WordId", "Value", "Meaning", "Pronunciation", "LessonId") VALUES ('96a4e3b9-7724-407d-bee9-feb988572452', '电影院', 'Cinema', 'Diànyǐngyuàn', 'a63f2307-e83b-40d8-a67a-f7060821b64c');
INSERT INTO public."Words" ("WordId", "Value", "Meaning", "Pronunciation", "LessonId") VALUES ('9707d56a-a5b5-4fb7-a670-b72d8cdd6ec3', '公共汽车', 'Bus', 'Gōnggòng qìchē', 'ae13156f-d4bb-479f-9860-86342ed5f869');
INSERT INTO public."Words" ("WordId", "Value", "Meaning", "Pronunciation", "LessonId") VALUES ('97d2e31c-1fac-46b5-9f70-442741574fc1', '阿姨', 'Aunt', 'Āyí', '202ffad3-6641-4be9-8ac8-ee284250c786');
INSERT INTO public."Words" ("WordId", "Value", "Meaning", "Pronunciation", "LessonId") VALUES ('981e7b49-da46-4f2b-a9c5-0d616a23e9a6', '菜单', 'Menu', 'Càidān', '11355555-4e4e-40c6-aff9-45b3b167e12c');
INSERT INTO public."Words" ("WordId", "Value", "Meaning", "Pronunciation", "LessonId") VALUES ('98e023ac-b8dd-4f42-9a54-6352b516f1c2', '我是', 'I am', 'Wǒ shì', '0788fc43-b1ea-459b-8479-17bc8863e912');
INSERT INTO public."Words" ("WordId", "Value", "Meaning", "Pronunciation", "LessonId") VALUES ('997ef582-4865-4627-9348-6b38a53e1318', '学生', 'Student', 'Xuéshēng', 'bfb126d4-089a-43e5-829a-a8b5cfa9fb89');
INSERT INTO public."Words" ("WordId", "Value", "Meaning", "Pronunciation", "LessonId") VALUES ('99a0f388-1e57-4434-a170-280e3877bc8b', '船', 'Boat', 'Chuán', 'ae13156f-d4bb-479f-9860-86342ed5f869');
INSERT INTO public."Words" ("WordId", "Value", "Meaning", "Pronunciation", "LessonId") VALUES ('9ad60455-15ba-4737-9b1d-b2389f2c3e47', '沿着这条街走', 'Walk along this street', 'Yánzhe zhè tiáo jiē zǒu', 'faa286d4-e2fc-4457-a22b-18f2258b6f28');
INSERT INTO public."Words" ("WordId", "Value", "Meaning", "Pronunciation", "LessonId") VALUES ('9b9c6965-232d-4bd8-9365-79f09d5260d0', '课程', 'Course', 'Kèchéng', 'bfb126d4-089a-43e5-829a-a8b5cfa9fb89');
INSERT INTO public."Words" ("WordId", "Value", "Meaning", "Pronunciation", "LessonId") VALUES ('9c52e742-2628-4a24-a79c-2cbe93c6eb61', '唱歌', 'Singing', 'Chànggē', '8025c38d-17b7-4d81-bc6e-d7da8bf97cbb');
INSERT INTO public."Words" ("WordId", "Value", "Meaning", "Pronunciation", "LessonId") VALUES ('9dbdb263-f61a-48bd-a101-f9c1bc87d21e', '山', 'Mountain', 'Shān', 'e5218858-8bdd-438d-8424-2b83ee76926c');
INSERT INTO public."Words" ("WordId", "Value", "Meaning", "Pronunciation", "LessonId") VALUES ('9dfd7bd3-cb02-40e7-b404-7ffc84f6fb26', '国庆节', 'National Day', 'Guóqìng jié', 'f80e61b8-72ea-4a02-92d7-aceb6126b899');
INSERT INTO public."Words" ("WordId", "Value", "Meaning", "Pronunciation", "LessonId") VALUES ('9e2a917d-8270-4062-9dee-e20776155dfc', '医院', 'Hospital', 'Yīyuàn', 'b030ca9a-f4a6-45a0-a01a-b2ddeb331175');
INSERT INTO public."Words" ("WordId", "Value", "Meaning", "Pronunciation", "LessonId") VALUES ('9e9d177b-7662-4142-98db-d39c385dcb27', '帽子', 'Hat', 'Màozi', 'a89d60d3-20d2-464e-b321-868e33c45d12');
INSERT INTO public."Words" ("WordId", "Value", "Meaning", "Pronunciation", "LessonId") VALUES ('a10c5c10-679a-4ce6-a296-8e241ce32e65', '月亮', 'Moon', 'Yuèliàng', 'e5218858-8bdd-438d-8424-2b83ee76926c');
INSERT INTO public."Words" ("WordId", "Value", "Meaning", "Pronunciation", "LessonId") VALUES ('a30ddf78-06f5-4d84-a3aa-59155a00fb1a', '过桥', 'Cross the bridge', 'Guò qiáo', 'faa286d4-e2fc-4457-a22b-18f2258b6f28');
INSERT INTO public."Words" ("WordId", "Value", "Meaning", "Pronunciation", "LessonId") VALUES ('a4426e39-b25c-45b8-9566-6a2afd5e046b', '伤心', 'Sad', 'Shāngxīn', 'bb2faa16-e6dc-44c2-9dde-17e090abfb49');
INSERT INTO public."Words" ("WordId", "Value", "Meaning", "Pronunciation", "LessonId") VALUES ('a458b5fe-0310-434b-83a7-47a553d927de', '我们', 'We', 'Wǒmen', '07df1bea-fb16-4eed-9cc8-4a06bd0c9b48');
INSERT INTO public."Words" ("WordId", "Value", "Meaning", "Pronunciation", "LessonId") VALUES ('a4a9a73f-ce2b-4224-95e3-b1e7f12fc505', '律师', 'Lawyer', 'Lǜshī', 'cd515d06-6690-40a4-890f-9f6606e7b9b8');
INSERT INTO public."Words" ("WordId", "Value", "Meaning", "Pronunciation", "LessonId") VALUES ('a826e270-eb07-49db-ae68-b1fce9185cef', '她', 'She', 'Tā', '07df1bea-fb16-4eed-9cc8-4a06bd0c9b48');
INSERT INTO public."Words" ("WordId", "Value", "Meaning", "Pronunciation", "LessonId") VALUES ('a85b457e-c776-423b-864a-c273c7772e24', '超市', 'Supermarket', 'Chāoshì', '6284be84-8e3c-4c03-a8f9-494860f693fe');
INSERT INTO public."Words" ("WordId", "Value", "Meaning", "Pronunciation", "LessonId") VALUES ('a8d38031-a4b6-49fb-89b2-f91980ee40a6', '元旦', 'New Year''s Day', 'Yuándàn', 'f80e61b8-72ea-4a02-92d7-aceb6126b899');
INSERT INTO public."Words" ("WordId", "Value", "Meaning", "Pronunciation", "LessonId") VALUES ('a900dee6-ee16-4dfd-8ed8-f25fd261a3b7', '地图', 'Map', 'Dìtú', 'ef0b5cf7-f3cc-4a19-9634-cfb53be23455');
INSERT INTO public."Words" ("WordId", "Value", "Meaning", "Pronunciation", "LessonId") VALUES ('aa0b3d63-c6c7-4fc4-8e7e-594015e0eae1', '米饭', 'Rice', 'Mǐfàn', 'd38219d4-4143-4edc-ac41-0197e7225d75');
INSERT INTO public."Words" ("WordId", "Value", "Meaning", "Pronunciation", "LessonId") VALUES ('aa20cd3e-96e9-4b74-a945-95e42f0acb8c', '学校', 'School', 'Xuéxiào', 'a63f2307-e83b-40d8-a67a-f7060821b64c');
INSERT INTO public."Words" ("WordId", "Value", "Meaning", "Pronunciation", "LessonId") VALUES ('aa64b60f-3f9e-4b3f-8fd9-87d35d59d2a9', '肚子疼', 'Stomachache', 'Dùzi téng', 'b030ca9a-f4a6-45a0-a01a-b2ddeb331175');
INSERT INTO public."Words" ("WordId", "Value", "Meaning", "Pronunciation", "LessonId") VALUES ('aaa6b41c-0179-41ea-ad14-0e5c17452acb', '再见', 'Goodbye', 'Zàijiàn', '12296ab1-897e-4267-b42f-faabc5c84c33');
INSERT INTO public."Words" ("WordId", "Value", "Meaning", "Pronunciation", "LessonId") VALUES ('aaaca49d-cf44-4dd2-b9a6-fed9f72e0b81', '足球', 'Football', 'Zúqiú', '6b76be68-764d-4464-83c5-5539c9050058');
INSERT INTO public."Words" ("WordId", "Value", "Meaning", "Pronunciation", "LessonId") VALUES ('abc8d3b5-5b4d-469c-a4cf-8ccfac3670dc', '台风', 'Typhoon', 'Táifēng', 'd031b44f-f38a-4ff3-b37e-97481c0fac14');
INSERT INTO public."Words" ("WordId", "Value", "Meaning", "Pronunciation", "LessonId") VALUES ('acd8b835-646c-4727-9642-9b857dca8780', '我很好', 'I''m fine', 'Wǒ hěn hǎo', 'f976b6db-bb94-47e6-b096-df3a4f000109');
INSERT INTO public."Words" ("WordId", "Value", "Meaning", "Pronunciation", "LessonId") VALUES ('ad4f0b02-a2b7-4312-915d-f32f0e9eec8d', '我今年', 'I am', 'Wǒ jīnnián', '0788fc43-b1ea-459b-8479-17bc8863e912');
INSERT INTO public."Words" ("WordId", "Value", "Meaning", "Pronunciation", "LessonId") VALUES ('ae12124f-202e-4152-a311-47f31fc6d970', '头疼', 'Headache', 'Tóuténg', 'b030ca9a-f4a6-45a0-a01a-b2ddeb331175');
INSERT INTO public."Words" ("WordId", "Value", "Meaning", "Pronunciation", "LessonId") VALUES ('ae9779c4-a27f-429c-8a86-dd0ef583d112', '手套', 'Gloves', 'Shǒutào', 'a89d60d3-20d2-464e-b321-868e33c45d12');
INSERT INTO public."Words" ("WordId", "Value", "Meaning", "Pronunciation", "LessonId") VALUES ('b1155b45-a690-4872-9f85-ed12bac3c958', '害怕', 'Afraid', 'Hàipà', 'bb2faa16-e6dc-44c2-9dde-17e090abfb49');
INSERT INTO public."Words" ("WordId", "Value", "Meaning", "Pronunciation", "LessonId") VALUES ('b1cf689c-35ee-4434-b7fc-cbe3402894d1', '九', 'Nine', 'Jiǔ', '9c71d5a7-f25a-4227-afc0-479f73f0bfee');
INSERT INTO public."Words" ("WordId", "Value", "Meaning", "Pronunciation", "LessonId") VALUES ('b1de65ff-2446-4bca-9271-bc33d27891aa', '弟弟', 'Younger brother', 'Dìdi', '202ffad3-6641-4be9-8ac8-ee284250c786');
INSERT INTO public."Words" ("WordId", "Value", "Meaning", "Pronunciation", "LessonId") VALUES ('b25c7d9b-6d9d-4ee5-bb61-7a6198a50639', '鸡', 'Chicken', 'Jī', '6fb7a513-8e41-474a-85e4-b314253ab593');
INSERT INTO public."Words" ("WordId", "Value", "Meaning", "Pronunciation", "LessonId") VALUES ('b3f31c27-21e4-46e0-a762-d77e0f5c6cfb', '开心', 'Happy', 'Kāixīn', 'bb2faa16-e6dc-44c2-9dde-17e090abfb49');
INSERT INTO public."Words" ("WordId", "Value", "Meaning", "Pronunciation", "LessonId") VALUES ('b4386107-9dcb-4716-ab7d-e9f75e077c57', '邮局', 'Post office', 'Yóujú', 'a63f2307-e83b-40d8-a67a-f7060821b64c');
INSERT INTO public."Words" ("WordId", "Value", "Meaning", "Pronunciation", "LessonId") VALUES ('b5a656d9-8ea4-4d67-821d-d408181bab9d', '充电器', 'Charger', 'Chōngdiànqì', '4dbb55b9-4cf2-44f5-bee5-63562f075a77');
INSERT INTO public."Words" ("WordId", "Value", "Meaning", "Pronunciation", "LessonId") VALUES ('b76fa8e6-f536-4228-826f-8ce64cda29ea', '餐巾', 'Napkin', 'Cānjīn', '11355555-4e4e-40c6-aff9-45b3b167e12c');
INSERT INTO public."Words" ("WordId", "Value", "Meaning", "Pronunciation", "LessonId") VALUES ('b99f5811-60ff-4f3e-bccb-3063de3bc992', '鸡蛋', 'Egg', 'Jīdàn', 'd38219d4-4143-4edc-ac41-0197e7225d75');
INSERT INTO public."Words" ("WordId", "Value", "Meaning", "Pronunciation", "LessonId") VALUES ('be15b77e-c330-41b6-be78-fde008354c4a', '鞋子', 'Shoes', 'Xiézi', 'a89d60d3-20d2-464e-b321-868e33c45d12');
INSERT INTO public."Words" ("WordId", "Value", "Meaning", "Pronunciation", "LessonId") VALUES ('beb16ab6-7a29-4c35-8420-8f562f105e26', '叔叔', 'Uncle', 'Shūshu', '202ffad3-6641-4be9-8ac8-ee284250c786');
INSERT INTO public."Words" ("WordId", "Value", "Meaning", "Pronunciation", "LessonId") VALUES ('bff6d6f9-99dc-4d2b-b6f0-c340d3377b73', '画画', 'Drawing', 'Huà huà', '8025c38d-17b7-4d81-bc6e-d7da8bf97cbb');
INSERT INTO public."Words" ("WordId", "Value", "Meaning", "Pronunciation", "LessonId") VALUES ('c22580d2-0222-46a1-9724-c1597853be55', '司机', 'Driver', 'Sījī', 'cd515d06-6690-40a4-890f-9f6606e7b9b8');
INSERT INTO public."Words" ("WordId", "Value", "Meaning", "Pronunciation", "LessonId") VALUES ('c2e167e8-3bba-4510-b4a8-d49d99e0efd9', '付款', 'Pay the bill', 'Fùkuǎn', '11355555-4e4e-40c6-aff9-45b3b167e12c');
INSERT INTO public."Words" ("WordId", "Value", "Meaning", "Pronunciation", "LessonId") VALUES ('c3379db2-8498-43c3-80fd-6dded94ae16c', '吃早饭', 'Have breakfast', 'Chī zǎofàn', '19958da2-2992-4917-b45c-2c4d5a2707c4');
INSERT INTO public."Words" ("WordId", "Value", "Meaning", "Pronunciation", "LessonId") VALUES ('c3e17a0c-57c8-4f2c-bf29-e81d5810c9e9', '裙子', 'Skirt', 'Qúnzi', 'a89d60d3-20d2-464e-b321-868e33c45d12');
INSERT INTO public."Words" ("WordId", "Value", "Meaning", "Pronunciation", "LessonId") VALUES ('c4af81cf-a7ec-4156-9730-04b0ea30a2cf', '包', 'Bag', 'Bāo', '6284be84-8e3c-4c03-a8f9-494860f693fe');
INSERT INTO public."Words" ("WordId", "Value", "Meaning", "Pronunciation", "LessonId") VALUES ('c5c5b50b-6e21-488a-b135-5034a906c607', '你叫什么名字', 'What''s your name?', 'Nǐ jiào shénme míngzì?', '0788fc43-b1ea-459b-8479-17bc8863e912');
INSERT INTO public."Words" ("WordId", "Value", "Meaning", "Pronunciation", "LessonId") VALUES ('c5e42e94-c789-45bf-a1c2-ec079c0258f0', '不客气', 'You''re welcome', 'Bù kèqì', '12296ab1-897e-4267-b42f-faabc5c84c33');
INSERT INTO public."Words" ("WordId", "Value", "Meaning", "Pronunciation", "LessonId") VALUES ('c7f9fa08-1b8c-4875-b287-0477b2616cd6', '滑冰', 'Ice skating', 'Huábīng', '6b76be68-764d-4464-83c5-5539c9050058');
INSERT INTO public."Words" ("WordId", "Value", "Meaning", "Pronunciation", "LessonId") VALUES ('c80411b0-4c1a-4c7a-94ae-bcbb06332e74', '端午节', 'Dragon Boat Festival', 'Duānwǔ jié', 'f80e61b8-72ea-4a02-92d7-aceb6126b899');
INSERT INTO public."Words" ("WordId", "Value", "Meaning", "Pronunciation", "LessonId") VALUES ('c8879070-19f3-4447-b91a-f98ec54d868a', '十', 'Ten', 'Shí', '9c71d5a7-f25a-4227-afc0-479f73f0bfee');
INSERT INTO public."Words" ("WordId", "Value", "Meaning", "Pronunciation", "LessonId") VALUES ('ca491167-8612-47a8-97ba-8f09323e9a2c', '祝你好运', 'Good luck', 'Zhù nǐ hǎoyùn', '12296ab1-897e-4267-b42f-faabc5c84c33');
INSERT INTO public."Words" ("WordId", "Value", "Meaning", "Pronunciation", "LessonId") VALUES ('ca9c90a1-a13b-4cb8-b364-8f52ef22c4d6', '请问', 'Excuse me', 'Qǐngwèn', '12296ab1-897e-4267-b42f-faabc5c84c33');
INSERT INTO public."Words" ("WordId", "Value", "Meaning", "Pronunciation", "LessonId") VALUES ('cab8baab-e866-4eb8-99c7-c5b52c99dfda', '电脑', 'Computer', 'Diànnǎo', '4dbb55b9-4cf2-44f5-bee5-63562f075a77');
INSERT INTO public."Words" ("WordId", "Value", "Meaning", "Pronunciation", "LessonId") VALUES ('cb35c007-8c06-4951-b0e4-bd6d3171c6d6', '清明节', 'Qingming Festival', 'Qīngmíng jié', 'f80e61b8-72ea-4a02-92d7-aceb6126b899');
INSERT INTO public."Words" ("WordId", "Value", "Meaning", "Pronunciation", "LessonId") VALUES ('cbbdc143-bc99-46a6-bcb4-14984e1b124f', '看电影', 'Watch movies', 'Kàn diànyǐng', '8025c38d-17b7-4d81-bc6e-d7da8bf97cbb');
INSERT INTO public."Words" ("WordId", "Value", "Meaning", "Pronunciation", "LessonId") VALUES ('cbf600fc-8ce3-4447-9735-b8fcb5d083ea', '小费', 'Tip', 'Xiǎofèi', '11355555-4e4e-40c6-aff9-45b3b167e12c');
INSERT INTO public."Words" ("WordId", "Value", "Meaning", "Pronunciation", "LessonId") VALUES ('cc45504a-3ea4-48c5-b7c6-b5fa1184e1a6', '二', 'Two', 'Èr', '9c71d5a7-f25a-4227-afc0-479f73f0bfee');
INSERT INTO public."Words" ("WordId", "Value", "Meaning", "Pronunciation", "LessonId") VALUES ('ce38bb4c-99cb-4c82-ab59-0b8b08a2796b', '星期一', 'Monday', 'Xīngqī yī', 'f268440f-fce0-432b-9a8d-6a6dd4d96255');
INSERT INTO public."Words" ("WordId", "Value", "Meaning", "Pronunciation", "LessonId") VALUES ('d090947a-81ca-4942-b9ec-923fc25baf1d', '六月', 'June', 'Liù yuē', '6196a506-78e9-43d8-8db2-4f567baee9ae');
INSERT INTO public."Words" ("WordId", "Value", "Meaning", "Pronunciation", "LessonId") VALUES ('d14f03a6-a186-4dfb-a15e-912ae7ead1d1', '面包', 'Bread', 'Miànbāo', 'd38219d4-4143-4edc-ac41-0197e7225d75');
INSERT INTO public."Words" ("WordId", "Value", "Meaning", "Pronunciation", "LessonId") VALUES ('d2a23518-287a-4774-86cb-cc4cef089324', '狗', 'Dog', 'Gǒu', '6fb7a513-8e41-474a-85e4-b314253ab593');
INSERT INTO public."Words" ("WordId", "Value", "Meaning", "Pronunciation", "LessonId") VALUES ('d354897e-5951-4217-af95-2d66c6c19e3d', '星期二', 'Tuesday', 'Xīngqī èr', 'f268440f-fce0-432b-9a8d-6a6dd4d96255');
INSERT INTO public."Words" ("WordId", "Value", "Meaning", "Pronunciation", "LessonId") VALUES ('d383f80e-071f-4acd-a1c6-6faf69a7f7dd', '元宵节', 'Lantern Festival', 'Yuánxiāo jié', 'f80e61b8-72ea-4a02-92d7-aceb6126b899');
INSERT INTO public."Words" ("WordId", "Value", "Meaning", "Pronunciation", "LessonId") VALUES ('d5afdc16-4036-4d15-878b-644816f5e29f', '药', 'Medicine', 'Yào', 'b030ca9a-f4a6-45a0-a01a-b2ddeb331175');
INSERT INTO public."Words" ("WordId", "Value", "Meaning", "Pronunciation", "LessonId") VALUES ('d5dd2bd6-0bd3-4c44-8ac6-c06392902808', '猪', 'Pig', 'Zhū', '6fb7a513-8e41-474a-85e4-b314253ab593');
INSERT INTO public."Words" ("WordId", "Value", "Meaning", "Pronunciation", "LessonId") VALUES ('d5f91700-c0b4-4820-ac6c-add1b1526523', '姐姐', 'Elder sister', 'Jiějie', '202ffad3-6641-4be9-8ac8-ee284250c786');
INSERT INTO public."Words" ("WordId", "Value", "Meaning", "Pronunciation", "LessonId") VALUES ('d635f6d0-b13f-4f07-8461-95953203054c', '下班', 'Get off work', 'Xiàbān', '19958da2-2992-4917-b45c-2c4d5a2707c4');
INSERT INTO public."Words" ("WordId", "Value", "Meaning", "Pronunciation", "LessonId") VALUES ('d64ca32d-5308-4d7b-9627-862e412d9242', '病人', 'Patient', 'Bìngrén', 'b030ca9a-f4a6-45a0-a01a-b2ddeb331175');
INSERT INTO public."Words" ("WordId", "Value", "Meaning", "Pronunciation", "LessonId") VALUES ('d7229f5e-77d2-4d5c-9d4a-f467ceda7497', '演员', 'Actor/Actress', 'Yǎnyuán', 'cd515d06-6690-40a4-890f-9f6606e7b9b8');
INSERT INTO public."Words" ("WordId", "Value", "Meaning", "Pronunciation", "LessonId") VALUES ('d84f3771-efa2-4887-a231-0ae5cc6bc4ad', '羊', 'Sheep', 'Yáng', '6fb7a513-8e41-474a-85e4-b314253ab593');
INSERT INTO public."Words" ("WordId", "Value", "Meaning", "Pronunciation", "LessonId") VALUES ('d8ae1300-ee6a-416e-923c-64848a7f671f', '他们', 'They (male)', 'Tāmen', '07df1bea-fb16-4eed-9cc8-4a06bd0c9b48');
INSERT INTO public."Words" ("WordId", "Value", "Meaning", "Pronunciation", "LessonId") VALUES ('d99d1cd8-9708-4cfa-a200-31e3dabec6ee', '体操', 'Gymnastics', 'Tǐcāo', '6b76be68-764d-4464-83c5-5539c9050058');
INSERT INTO public."Words" ("WordId", "Value", "Meaning", "Pronunciation", "LessonId") VALUES ('d9cf6cad-7f62-4b5b-bc8d-05853b840eef', '餐厅', 'Restaurant', 'Cāntīng', 'a63f2307-e83b-40d8-a67a-f7060821b64c');
INSERT INTO public."Words" ("WordId", "Value", "Meaning", "Pronunciation", "LessonId") VALUES ('da9e665a-d9cd-41e0-b05a-40677fc13c25', '飞机', 'Airplane', 'Fēijī', 'ae13156f-d4bb-479f-9860-86342ed5f869');
INSERT INTO public."Words" ("WordId", "Value", "Meaning", "Pronunciation", "LessonId") VALUES ('dab20a56-c00a-484b-aa69-68d6a35a3f5c', '好的', 'Okay', 'Hǎo de', '12296ab1-897e-4267-b42f-faabc5c84c33');
INSERT INTO public."Words" ("WordId", "Value", "Meaning", "Pronunciation", "LessonId") VALUES ('dc55d43b-04ec-4d87-aa9e-ff43075e9bec', '七月', 'July', 'Qī yuē', '6196a506-78e9-43d8-8db2-4f567baee9ae');
INSERT INTO public."Words" ("WordId", "Value", "Meaning", "Pronunciation", "LessonId") VALUES ('dc884d32-6038-4e71-87aa-cae35ad9d1f9', '点菜', 'Order food', 'Diǎn cài', '11355555-4e4e-40c6-aff9-45b3b167e12c');
INSERT INTO public."Words" ("WordId", "Value", "Meaning", "Pronunciation", "LessonId") VALUES ('dd952221-9e51-49bb-89c1-d3db834c4c8d', '圣诞节', 'Christmas', 'Shèngdàn jié', 'f80e61b8-72ea-4a02-92d7-aceb6126b899');
INSERT INTO public."Words" ("WordId", "Value", "Meaning", "Pronunciation", "LessonId") VALUES ('dda4516e-4090-4324-8b32-186427e1b206', '妹妹', 'Younger sister', 'Mèimei', '202ffad3-6641-4be9-8ac8-ee284250c786');
INSERT INTO public."Words" ("WordId", "Value", "Meaning", "Pronunciation", "LessonId") VALUES ('defd5287-7064-4b6a-b94a-e2b8850e0489', '出租车', 'Taxi', 'Chūzūchē', 'ae13156f-d4bb-479f-9860-86342ed5f869');
INSERT INTO public."Words" ("WordId", "Value", "Meaning", "Pronunciation", "LessonId") VALUES ('dff04107-62d4-4cad-a34c-84b7f7841bf9', '校服', 'School uniform', 'Xiàofú', 'bfb126d4-089a-43e5-829a-a8b5cfa9fb89');
INSERT INTO public."Words" ("WordId", "Value", "Meaning", "Pronunciation", "LessonId") VALUES ('e03ee5a9-f1cb-4789-b864-9c2122bd9a27', '书', 'Book', 'Shū', 'bfb126d4-089a-43e5-829a-a8b5cfa9fb89');
INSERT INTO public."Words" ("WordId", "Value", "Meaning", "Pronunciation", "LessonId") VALUES ('e115ad7d-1e86-4b4a-a858-8a0ed618178a', '往回走', 'Go back', 'Wǎng huí zǒu', 'faa286d4-e2fc-4457-a22b-18f2258b6f28');
INSERT INTO public."Words" ("WordId", "Value", "Meaning", "Pronunciation", "LessonId") VALUES ('e1b24733-6023-4f37-b5ee-eca1161a2ff8', '中秋节', 'Mid-Autumn Festival', 'Zhōngqiū jié', 'f80e61b8-72ea-4a02-92d7-aceb6126b899');
INSERT INTO public."Words" ("WordId", "Value", "Meaning", "Pronunciation", "LessonId") VALUES ('e22e1d5d-27bc-461c-81bb-4413cbaf55df', '站', 'Station', 'Zhàn', 'ae13156f-d4bb-479f-9860-86342ed5f869');
INSERT INTO public."Words" ("WordId", "Value", "Meaning", "Pronunciation", "LessonId") VALUES ('e4156b5b-aa2c-4e64-bf6e-7b7669285fab', '行李', 'Luggage', 'Xínglǐ', 'ef0b5cf7-f3cc-4a19-9634-cfb53be23455');
INSERT INTO public."Words" ("WordId", "Value", "Meaning", "Pronunciation", "LessonId") VALUES ('e48a8d7a-7d05-4db6-907f-66dbec3dc91d', '惊讶', 'Surprised', 'Jīngyà', 'bb2faa16-e6dc-44c2-9dde-17e090abfb49');
INSERT INTO public."Words" ("WordId", "Value", "Meaning", "Pronunciation", "LessonId") VALUES ('e530d08d-8825-48d3-a3d6-e8e5ea160b30', '图书馆', 'Library', 'Túshūguǎn', 'a63f2307-e83b-40d8-a67a-f7060821b64c');
INSERT INTO public."Words" ("WordId", "Value", "Meaning", "Pronunciation", "LessonId") VALUES ('e64477e5-40f5-4df9-ac62-cc48591418bf', '记者', 'Journalist', 'Jìzhě', 'cd515d06-6690-40a4-890f-9f6606e7b9b8');
INSERT INTO public."Words" ("WordId", "Value", "Meaning", "Pronunciation", "LessonId") VALUES ('e6535f7a-f293-4625-8079-3bd16d4000a8', '星期六', 'Saturday', 'Xīngqī liù', 'f268440f-fce0-432b-9a8d-6a6dd4d96255');
INSERT INTO public."Words" ("WordId", "Value", "Meaning", "Pronunciation", "LessonId") VALUES ('e84f550f-a05b-49f2-ae00-ca05e6ac6bb0', '气温', 'Temperature', 'Qìwēn', 'd031b44f-f38a-4ff3-b37e-97481c0fac14');
INSERT INTO public."Words" ("WordId", "Value", "Meaning", "Pronunciation", "LessonId") VALUES ('e855dc8a-82ac-4789-9342-c5db1efedd52', '考试', 'Exam', 'Kǎoshì', 'bfb126d4-089a-43e5-829a-a8b5cfa9fb89');
INSERT INTO public."Words" ("WordId", "Value", "Meaning", "Pronunciation", "LessonId") VALUES ('e87a5155-f6a4-42a7-8a65-43af3905b6ad', '刷牙', 'Brush teeth', 'Shuāyá', '19958da2-2992-4917-b45c-2c4d5a2707c4');
INSERT INTO public."Words" ("WordId", "Value", "Meaning", "Pronunciation", "LessonId") VALUES ('e8db75b3-e8a4-439b-ba05-5c9ab29f0e24', '六', 'Six', 'Liù', '9c71d5a7-f25a-4227-afc0-479f73f0bfee');
INSERT INTO public."Words" ("WordId", "Value", "Meaning", "Pronunciation", "LessonId") VALUES ('e93ca9d4-a319-49d8-9472-a689b5fc54bf', '多大了', 'How old are you?', 'Duō dà le?', '0788fc43-b1ea-459b-8479-17bc8863e912');
INSERT INTO public."Words" ("WordId", "Value", "Meaning", "Pronunciation", "LessonId") VALUES ('e9c2aeb6-36fd-492c-86db-d047a40c437c', '下午好', 'Good afternoon', 'Xiàwǔ hǎo', 'f976b6db-bb94-47e6-b096-df3a4f000109');
INSERT INTO public."Words" ("WordId", "Value", "Meaning", "Pronunciation", "LessonId") VALUES ('ea22854e-789d-485b-98c4-afeae30f474d', '午休', 'Take a nap', 'Wǔxiū', '19958da2-2992-4917-b45c-2c4d5a2707c4');
INSERT INTO public."Words" ("WordId", "Value", "Meaning", "Pronunciation", "LessonId") VALUES ('eb121c55-61e9-4627-8599-aebc4f7d71f4', '五', 'Five', 'Wǔ', '9c71d5a7-f25a-4227-afc0-479f73f0bfee');
INSERT INTO public."Words" ("WordId", "Value", "Meaning", "Pronunciation", "LessonId") VALUES ('eb4a95a2-18e9-4e3c-a16b-d4cc3e44fae2', '打包', 'Takeout', 'Dǎbāo', '11355555-4e4e-40c6-aff9-45b3b167e12c');
INSERT INTO public."Words" ("WordId", "Value", "Meaning", "Pronunciation", "LessonId") VALUES ('ecd27c64-fbc1-4337-b4ec-f780b6d82b87', '课堂', 'Classroom', 'Kètáng', 'bfb126d4-089a-43e5-829a-a8b5cfa9fb89');
INSERT INTO public."Words" ("WordId", "Value", "Meaning", "Pronunciation", "LessonId") VALUES ('eda8d389-a789-44fd-a9f8-3aedc9739452', '餐具', 'Tableware', 'Cānjù', '11355555-4e4e-40c6-aff9-45b3b167e12c');
INSERT INTO public."Words" ("WordId", "Value", "Meaning", "Pronunciation", "LessonId") VALUES ('ef2a7054-305e-489f-838f-9ce0d1db4694', '八月', 'August', 'Bā yuē', '6196a506-78e9-43d8-8db2-4f567baee9ae');
INSERT INTO public."Words" ("WordId", "Value", "Meaning", "Pronunciation", "LessonId") VALUES ('f123ab3b-7023-4452-99eb-e3fc82ea64f0', '商店', 'Store', 'Shāngdiàn', '6284be84-8e3c-4c03-a8f9-494860f693fe');
INSERT INTO public."Words" ("WordId", "Value", "Meaning", "Pronunciation", "LessonId") VALUES ('f1453f64-c386-48e8-a9d8-486e70595f4b', '游泳', 'Swimming', 'Yóuyǒng', '6b76be68-764d-4464-83c5-5539c9050058');
INSERT INTO public."Words" ("WordId", "Value", "Meaning", "Pronunciation", "LessonId") VALUES ('f27cbd01-7666-4693-8c36-5b183db79571', '警察', 'Police officer', 'Jǐngchá', 'cd515d06-6690-40a4-890f-9f6606e7b9b8');
INSERT INTO public."Words" ("WordId", "Value", "Meaning", "Pronunciation", "LessonId") VALUES ('f3699118-d91c-4f73-a732-82803995534d', '三', 'Three', 'Sān', '9c71d5a7-f25a-4227-afc0-479f73f0bfee');
INSERT INTO public."Words" ("WordId", "Value", "Meaning", "Pronunciation", "LessonId") VALUES ('f46a5d0c-2031-4ed7-9388-0a4cee7dc4ee', '一', 'One', 'Yī', '9c71d5a7-f25a-4227-afc0-479f73f0bfee');
INSERT INTO public."Words" ("WordId", "Value", "Meaning", "Pronunciation", "LessonId") VALUES ('f5e3faa6-c433-4362-a18f-c3247098292f', '护士', 'Nurse', 'Hùshì', 'cd515d06-6690-40a4-890f-9f6606e7b9b8');
INSERT INTO public."Words" ("WordId", "Value", "Meaning", "Pronunciation", "LessonId") VALUES ('f6a58f5a-2b41-4cac-83c8-0834cae6b857', '医院', 'Hospital', 'Yīyuàn', 'a63f2307-e83b-40d8-a67a-f7060821b64c');
INSERT INTO public."Words" ("WordId", "Value", "Meaning", "Pronunciation", "LessonId") VALUES ('f766da16-f498-42f2-be7b-07e6e673c6bf', '化妆品', 'Cosmetics', 'Huàzhuāngpǐn', '6284be84-8e3c-4c03-a8f9-494860f693fe');
INSERT INTO public."Words" ("WordId", "Value", "Meaning", "Pronunciation", "LessonId") VALUES ('fc53e18c-dcb9-4bcc-a6fd-e34e9d1866bc', '风', 'Wind', 'Fēng', 'd031b44f-f38a-4ff3-b37e-97481c0fac14');
INSERT INTO public."Words" ("WordId", "Value", "Meaning", "Pronunciation", "LessonId") VALUES ('fc8fb21d-94fa-45f2-9fb7-3d3d7b0968b2', '作业', 'Homework', 'Zuòyè', 'bfb126d4-089a-43e5-829a-a8b5cfa9fb89');
INSERT INTO public."Words" ("WordId", "Value", "Meaning", "Pronunciation", "LessonId") VALUES ('fd4359b4-7295-4bf3-b1bd-e455046e60b9', '跑步', 'Running', 'Pǎobù', '6b76be68-764d-4464-83c5-5539c9050058');
INSERT INTO public."Words" ("WordId", "Value", "Meaning", "Pronunciation", "LessonId") VALUES ('fdcc9b1d-9479-434e-b2fc-725d49e65682', '你几岁', 'How old are you?', 'Nǐ jǐ suì?', '0788fc43-b1ea-459b-8479-17bc8863e912');
INSERT INTO public."Words" ("WordId", "Value", "Meaning", "Pronunciation", "LessonId") VALUES ('fe517054-ded4-42fe-af31-da3e7b418bb3', '语言', 'Language', 'Yǔyán', 'ef0b5cf7-f3cc-4a19-9634-cfb53be23455');
INSERT INTO public."Words" ("WordId", "Value", "Meaning", "Pronunciation", "LessonId") VALUES ('fe72a35e-bbe3-482a-878d-888b987b222a', '护照', 'Passport', 'Hùzhào', 'ef0b5cf7-f3cc-4a19-9634-cfb53be23455');
INSERT INTO public."Words" ("WordId", "Value", "Meaning", "Pronunciation", "LessonId") VALUES ('fec37876-2936-4e1a-8d26-6c2ca5589224', '食品', 'Food', 'Shípǐn', '6284be84-8e3c-4c03-a8f9-494860f693fe');
